ticket_number,golden,predicted,correct,status,latency_ms,ticket_id,error
3021,Credit reporting,Debt collection,0,201,14729.8,2,
3024,Consumer loan,Debt collection,0,201,11988.1,3,
3032,Credit reporting,Bank account or service,0,201,10938.2,4,
3037,Mortgage,Mortgage,1,201,19435.9,5,
3039,Debt collection,Credit reporting,0,201,4290.7,6,
3049,Money transfer or service,Money transfer or service,1,201,8635.7,7,
3069,Credit card,Credit card,1,201,11122.2,8,
3134,Bank account or service,Money transfer or service,0,201,9389.5,9,
3145,Bank account or service,Consumer loan,0,201,14992.8,10,
3147,Credit card,Debt collection,0,201,8201.6,11,
3150,Credit reporting,,0,502,553952.6,,"{""detail"":""HTTPConnectionPool(host='ollama', port=11434): Read timed out. (read timeout=600.0)"",""error"":""classification failed""}
"
3155,Credit reporting,Debt collection,0,201,6167.6,12,
3156,Bank account or service,Bank account or service,1,201,9171.3,13,
3157,Money transfer or service,Money transfer or service,1,201,4501.2,14,
3159,Bank account or service,Bank account or service,1,201,10304.1,15,
3167,Mortgage,Mortgage,1,201,6391.6,16,
3171,Money transfer or service,Money transfer or service,1,201,9057.8,17,
3172,Bank account or service,Bank account or service,1,201,5456.3,18,
3173,Credit reporting,Credit card,0,201,7989.6,19,
3183,Consumer loan,Debt collection,0,201,9222.3,20,
3188,Credit card,Credit card,1,201,6457.3,21,
3189,Mortgage,Bank account or service,0,201,8663.2,22,
3207,Mortgage,Mortgage,1,201,13954.5,23,
3210,Credit reporting,Debt collection,0,201,7512.2,24,
3211,Money transfer or service,Bank account or service,0,201,6256.7,25,
3213,Mortgage,Debt collection,0,201,9901.4,26,
3214,Bank account or service,Debt collection,0,201,7040.9,27,
3222,Credit reporting,Credit reporting,1,201,5183.0,28,
3224,Credit reporting,,0,502,554320.4,,"{""detail"":""HTTPConnectionPool(host='ollama', port=11434): Read timed out. (read timeout=600.0)"",""error"":""classification failed""}
"
3225,Mortgage,Credit card,0,201,8745.5,29,
3229,Money transfer or service,Credit card,0,201,11457.1,30,
3232,Credit reporting,Debt collection,0,201,5019.0,31,
3234,Money transfer or service,Debt collection,0,201,10226.6,32,
3248,Credit card,,0,502,553950.0,,"{""detail"":""HTTPConnectionPool(host='ollama', port=11434): Read timed out. (read timeout=600.0)"",""error"":""classification failed""}
"
3251,Consumer loan,Debt collection,0,201,10101.9,33,
3260,Money transfer or service,Money transfer or service,1,201,6758.6,34,
3262,Credit card,Debt collection,0,201,11239.2,35,
3263,Money transfer or service,,0,502,553972.5,,"{""detail"":""HTTPConnectionPool(host='ollama', port=11434): Read timed out. (read timeout=600.0)"",""error"":""classification failed""}
"
3264,Mortgage,,0,502,553866.3,,"{""detail"":""HTTPConnectionPool(host='ollama', port=11434): Read timed out. (read timeout=600.0)"",""error"":""classification failed""}
"
3273,Debt collection,Credit card,0,201,10644.9,36,
3278,Money transfer or service,Credit card,0,201,6332.8,37,
3279,Credit reporting,Money transfer or service,0,201,5332.2,38,
3288,Credit reporting,Bank account or service,0,201,7234.2,39,
3289,Debt collection,Consumer loan,0,201,14636.8,40,
3291,Debt collection,Money transfer or service,0,201,12490.6,41,
3294,Money transfer or service,Bank account or service,0,201,8967.5,42,
3298,Bank account or service,Bank account or service,1,201,6754.2,43,
3302,Mortgage,,0,502,560008.5,,"{""detail"":""HTTPConnectionPool(host='ollama', port=11434): Read timed out. (read timeout=600.0)"",""error"":""classification failed""}
"
3304,Debt collection,Debt collection,1,201,6999.2,44,
3310,Credit card,Credit card,1,201,8725.2,45,
3319,Credit card,Credit card,1,201,9865.7,46,
3323,Bank account or service,Bank account or service,1,201,6920.6,47,
3328,Credit reporting,Consumer loan,0,201,8012.1,48,
3346,Credit card,Credit card,1,201,9763.5,49,
3360,Money transfer or service,Money transfer or service,1,201,11409.1,50,
3366,Consumer loan,Credit reporting,0,201,9849.7,51,
3371,Consumer loan,,0,502,554252.0,,"{""detail"":""HTTPConnectionPool(host='ollama', port=11434): Read timed out. (read timeout=600.0)"",""error"":""classification failed""}
"
3374,Mortgage,,0,502,554188.2,,"{""detail"":""HTTPConnectionPool(host='ollama', port=11434): Read timed out. (read timeout=600.0)"",""error"":""classification failed""}
"
3380,Debt collection,Debt collection,1,201,14238.4,52,
3384,Debt collection,Debt collection,1,201,12107.9,53,
3394,Consumer loan,,0,502,553939.8,,"{""detail"":""HTTPConnectionPool(host='ollama', port=11434): Read timed out. (read timeout=600.0)"",""error"":""classification failed""}
"
3396,Bank account or service,Consumer loan,0,201,15159.6,54,
3408,Mortgage,Mortgage,1,201,12954.3,55,
3409,Mortgage,Bank account or service,0,201,7223.9,56,
3429,Consumer loan,Consumer loan,1,201,9242.8,57,
3430,Money transfer or service,Consumer loan,0,201,11508.2,58,
3434,Debt collection,Consumer loan,0,201,5495.6,59,
3438,Bank account or service,Bank account or service,1,201,10294.9,60,
3442,Credit reporting,Consumer loan,0,201,15380.9,61,
3443,Mortgage,Mortgage,1,201,10565.3,62,
3444,Mortgage,Debt collection,0,201,9173.9,63,
3446,Bank account or service,Bank account or service,1,201,7913.9,64,
3455,Consumer loan,Bank account or service,0,201,12760.8,65,
3463,Debt collection,Debt collection,1,201,9582.4,66,
3468,Credit card,Credit card,1,201,9876.2,67,
3472,Bank account or service,,0,502,553961.1,,"{""detail"":""HTTPConnectionPool(host='ollama', port=11434): Read timed out. (read timeout=600.0)"",""error"":""classification failed""}
"
3475,Bank account or service,Bank account or service,1,201,11192.4,68,
3476,Money transfer or service,Credit card,0,201,8504.2,69,
3484,Money transfer or service,Money transfer or service,1,201,9774.9,70,
3510,Debt collection,Bank account or service,0,201,11130.6,71,
3513,Credit reporting,,0,502,553882.7,,"{""detail"":""HTTPConnectionPool(host='ollama', port=11434): Read timed out. (read timeout=600.0)"",""error"":""classification failed""}
"
3521,Consumer loan,Debt collection,0,201,5389.7,72,
3525,Mortgage,Debt collection,0,201,10458.5,73,
3530,Debt collection,Debt collection,1,201,9472.1,74,
3540,Credit reporting,Debt collection,0,201,6033.8,75,
3546,Consumer loan,,0,502,559438.8,,"{""detail"":""HTTPConnectionPool(host='ollama', port=11434): Read timed out. (read timeout=600.0)"",""error"":""classification failed""}
"
3550,Money transfer or service,Bank account or service,0,201,8183.7,76,
3559,Debt collection,Debt collection,1,201,9250.5,77,
3568,Bank account or service,Bank account or service,1,201,10197.4,78,
3574,Bank account or service,Bank account or service,1,201,9411.0,79,
3584,Mortgage,Mortgage,1,201,16887.8,80,
3587,Credit reporting,Money transfer or service,0,201,8592.6,81,
3595,Debt collection,Debt collection,1,201,4178.7,82,
3617,Consumer loan,Consumer loan,1,201,7251.3,83,
3619,Credit reporting,Debt collection,0,201,3984.9,84,
3621,Credit reporting,Debt collection,0,201,4866.3,85,
3622,Credit reporting,,0,502,554468.9,,"{""detail"":""HTTPConnectionPool(host='ollama', port=11434): Read timed out. (read timeout=600.0)"",""error"":""classification failed""}
"
3627,Bank account or service,Debt collection,0,201,4086.5,86,
3639,Mortgage,Debt collection,0,201,13614.6,87,
3647,Debt collection,Consumer loan,0,201,5362.9,88,
3651,Credit reporting,Debt collection,0,201,10763.2,89,
3654,Credit reporting,Debt collection,0,201,6650.8,90,
3661,Consumer loan,Bank account or service,0,201,10505.1,91,
3663,Credit reporting,Credit reporting,1,201,8034.0,92,
3665,Money transfer or service,Money transfer or service,1,201,5155.7,93,
3666,Debt collection,Debt collection,1,201,9509.4,94,
3680,Credit card,,0,502,554466.3,,"{""detail"":""HTTPConnectionPool(host='ollama', port=11434): Read timed out. (read timeout=600.0)"",""error"":""classification failed""}
"
3687,Debt collection,Debt collection,1,201,9656.7,95,
3694,Debt collection,Debt collection,1,201,10317.0,96,
3713,Bank account or service,Bank account or service,1,201,10641.6,97,
3715,Mortgage,Mortgage,1,201,13956.0,98,
3723,Consumer loan,Debt collection,0,201,10558.6,99,
3734,Credit card,Credit card,1,201,5539.6,100,
3739,Consumer loan,Debt collection,0,201,12623.2,101,
3752,Credit reporting,,0,502,553930.7,,"{""detail"":""HTTPConnectionPool(host='ollama', port=11434): Read timed out. (read timeout=600.0)"",""error"":""classification failed""}
"
3765,Mortgage,Debt collection,0,201,10301.3,102,
3767,Credit card,Debt collection,0,201,9417.3,103,
3773,Consumer loan,Bank account or service,0,201,7826.4,104,
3787,Bank account or service,,0,502,553930.1,,"{""detail"":""HTTPConnectionPool(host='ollama', port=11434): Read timed out. (read timeout=600.0)"",""error"":""classification failed""}
"
3796,Money transfer or service,Money transfer or service,1,201,8054.5,105,
3801,Mortgage,Debt collection,0,201,8816.6,106,
3811,Consumer loan,Credit card,0,201,8311.7,107,
3816,Bank account or service,Bank account or service,1,201,10988.4,108,
3819,Debt collection,Debt collection,1,201,4334.7,109,
3822,Credit reporting,Bank account or service,0,201,9196.1,110,
3826,Money transfer or service,Bank account or service,0,201,7502.3,111,
3828,Credit reporting,Debt collection,0,201,8754.9,112,
3831,Consumer loan,,0,502,553959.5,,"{""detail"":""HTTPConnectionPool(host='ollama', port=11434): Read timed out. (read timeout=600.0)"",""error"":""classification failed""}
"
3837,Debt collection,Debt collection,1,201,5915.7,113,
3844,Mortgage,Bank account or service,0,201,10100.4,114,
3856,Debt collection,Bank account or service,0,201,12480.7,115,
3870,Credit card,Consumer loan,0,201,9765.8,116,
3878,Bank account or service,Bank account or service,1,201,11233.6,117,
3883,Credit reporting,Consumer loan,0,201,9063.1,118,
3900,Money transfer or service,Money transfer or service,1,201,5956.2,119,
3909,Credit reporting,Bank account or service,0,201,3345.1,120,
3917,Money transfer or service,,0,502,553937.6,,"{""detail"":""HTTPConnectionPool(host='ollama', port=11434): Read timed out. (read timeout=600.0)"",""error"":""classification failed""}
"
3920,Credit card,Money transfer or service,0,201,13518.1,121,
3923,Mortgage,Bank account or service,0,201,7164.7,122,
3924,Credit reporting,Credit reporting,1,201,4355.5,123,
3932,Consumer loan,Debt collection,0,201,11577.7,124,
3948,Debt collection,Debt collection,1,201,6338.4,125,
3951,Credit card,Bank account or service,0,201,7266.4,126,
3955,Bank account or service,Bank account or service,1,201,9712.2,127,
3957,Credit reporting,,0,502,553917.2,,"{""detail"":""HTTPConnectionPool(host='ollama', port=11434): Read timed out. (read timeout=600.0)"",""error"":""classification failed""}
"
3959,Credit card,Bank account or service,0,201,4606.0,128,
3962,Money transfer or service,Credit reporting,0,201,8065.0,129,
3990,Consumer loan,Consumer loan,1,201,9468.2,130,
3991,Credit card,Money transfer or service,0,201,12672.3,131,
3998,Bank account or service,Debt collection,0,201,8887.7,132,
